<!-- Bangla Font Config By MFFM -->
<!-- v1.2 -->
<!-- Dated: 08/12/2021 -->
<!-- elegant -->
        <font weight="400" style="normal">NotoSansBengali-VF.ttf</font>
        <font weight="500" style="normal">NotoSerifBengali-VF.ttf</font>
        <font weight="700" style="normal">NotoSansBengaliUI-VF.ttf</font>
<!-- elegant ends -->
<!-- compact -->
        <font weight="400" style="normal">NotoSansBengali-VF.ttf</font>
        <font weight="500" style="normal">NotoSerifBengali-VF.ttf</font>
        <font weight="700" style="normal">NotoSansBengaliUI-VF.ttf</font>
<!-- compact ends -->